EFR N = 0, t = 0.5

Level 1, nx = 50, delta = 0.1
L2,0.320475318766H1,13.8785588538
 

Level 2, nx = 100, delta = 0.1
L2,0.304611806322H1,12.9323921764
 

Level 3, nx = 200, delta = 0.1
L2,0.305523929362H1,12.297469021
 
