EFR N = 0, t = 0.5

Level 0
H10 seminorm,11.725623710783594
L2 norm,0.06253191666827325
EFR N = 0, t = 0.5

Level 0
H10 seminorm,11.725623710783594
L2 norm,0.06253191666827325
EFR N = 0, t = 0.5

Level 0
H10 seminorm,11.725623710783594
L2 norm,0.06253191666827325
EFR N = 0, t = 0.5

Level 0
H10 seminorm,11.725623710783594
L2 norm,0.06253191666827325
