EFR N = 0, t = 0.0

Level 1, nx = 50
H10 seminorm,0.0013048098959507705
L2 norm,0.0001349939268579469

Level 2, nx = 100
H10 seminorm,0.00375305815666563
L2 norm,0.0005322419110838161

Level 3, nx = 200
H10 seminorm,0.011022296237625363
L2 norm,0.0015688389384947124
EFR N = 0, t = 0.0

Level 1, nx = 50
L2,0.000134993926858H1,0.00131177445655
 

Level 2, nx = 100
L2,0.000532241911084H1,0.00379061037027
 

Level 3, nx = 200
L2,0.00156883893849H1,0.0111333853775
 
