EFR N = 0, t = 0.0

Level 1, nx = 50
H10 seminorm,0.0008644515382757946
L2 norm,2.2559850948113597e-06

Level 2, nx = 100
H10 seminorm,0.0002161638097399799
L2 norm,2.819403795558808e-07

Level 3, nx = 200
H10 seminorm,5.404416006535427e-05
L2 norm,3.524080857029646e-08
