EFR N = 0, t = 0.1

Level 1, nx = 50
H10 seminorm,4.420384049877216
L2 norm,0.047713604439200176

Level 2, nx = 100
H10 seminorm,3.490300456760719
L2 norm,0.012525042516411417

Level 3, nx = 200
H10 seminorm,2.804699131880957
L2 norm,0.006077793042250163

Level 4, nx = 400
H10 seminorm,2.1855605098379165
L2 norm,0.0021669123849959253

Level 5, nx = 800
H10 seminorm,1.0011773156969672
L2 norm,0.0003625372181769082
