EFR N = 0, t = 0.5

Level 1, nx = 50, delta = 0.1
H1 norm,206.27566613438233
L2 norm,0.9336930594010528

Level 2, nx = 100, delta = 0.1
H1 norm,136.87037101884735
L2 norm,0.44734595250558234

Level 3, nx = 200, delta = 0.1
H1 norm,105.12654438186819
L2 norm,0.40279223931210595

Level 4, nx = 400, delta = 0.1
H1 norm,41.881064613180534
L2 norm,0.3907674838522393
